-- SQL Script to Create Demo Accounts
-- Generated by CommonGround Agent
-- RUN THIS IN SUPABASE SQL EDITOR

DO $$
BEGIN
    -- 1. CLEANUP
    -- Clean up existing identities and users to ensure a fresh state
    DELETE FROM auth.identities WHERE user_id IN (
        'a1ca1de0-0000-4000-a000-000000000000',
        'b1a55e40-0000-4000-a000-000000000000',
        'c0157400-0000-4000-a000-000000000000'
    );
    DELETE FROM auth.users WHERE id IN (
        'a1ca1de0-0000-4000-a000-000000000000',
        'b1a55e40-0000-4000-a000-000000000000',
        'c0157400-0000-4000-a000-000000000000'
    );

    -- 2. ACCOUNT 1: Law Office of Adriana Alcalde Drake
    
    INSERT INTO auth.users (
        id, instance_id, aud, role, email, encrypted_password, 
        email_confirmed_at, raw_app_meta_data, raw_user_meta_data, 
        created_at, updated_at,
        confirmation_token, recovery_token, email_change_token_new, email_change
    )
    VALUES (
        'a1ca1de0-0000-4000-a000-000000000000', 
        '00000000-0000-0000-0000-000000000000', 
        'authenticated', 
        'authenticated', 
        'info@alcaldedrakelaw.com', 
        crypt('Demo2026!', gen_salt('bf')), 
        now(), 
        '{"provider": "email", "providers": ["email"]}', 
        '{"first_name": "Adriana", "last_name": "Alcalde Drake"}', 
        now(), 
        now(),
        '', '', '', ''
    );

    INSERT INTO public.users (
        id, supabase_id, email, first_name, last_name, 
        is_active, is_deleted, created_at, updated_at,
        email_verified, phone_verified, mfa_enabled
    )
    VALUES (
        'a1ca1de0-0000-4000-a000-000000000000', 
        'a1ca1de0-0000-4000-a000-000000000000', 
        'info@alcaldedrakelaw.com', 
        'Adriana', 
        'Alcalde Drake', 
        true, 
        false, 
        now(), 
        now(),
        true,
        true,
        false
    ) ON CONFLICT (id) DO NOTHING;

    INSERT INTO public.user_profiles (
        id, user_id, first_name, last_name, 
        locale, timezone, created_at, updated_at,
        subscription_tier, subscription_status, country,
        notification_email, notification_sms, notification_push,
        privacy_read_receipts, privacy_typing_indicator, privacy_last_seen,
        privacy_analytics, privacy_crash_reporting
    )
    VALUES (
        'a1ca1de0-0000-4000-a000-000000000000', 
        'a1ca1de0-0000-4000-a000-000000000000', 
        'Adriana', 
        'Alcalde Drake', 
        'en-US', 
        'America/Los_Angeles', 
        now(), 
        now(),
        'essential',
        'active',
        'US',
        true,
        false,
        true,
        true,
        true,
        true,
        true,
        true
    ) ON CONFLICT (id) DO NOTHING;

    INSERT INTO public.professional_profiles (
        id, user_id, professional_type, 
        professional_email, professional_phone,
        headline, bio, languages, 
        hourly_rate, years_experience, 
        education, awards, consultation_fee, 
        accepted_payment_methods, practice_areas,
        is_active, onboarded_at, created_at, updated_at,
        license_verified
    )
    VALUES (
        'b0b00000-0000-4000-a000-000000000000', 
        'a1ca1de0-0000-4000-a000-000000000000', 
        'attorney',
        'info@alcaldedrakelaw.com', 
        '(310) 527-3274',
        'Bilingual Family Law • Custody • Compassionate Advocacy', 
        'Attorney Adriana Alcalde Drake founded her practice with a mission: to provide high-quality family law representation to communities that are often underserved by the legal system. As a fully bilingual attorney, she bridges language barriers that can prevent parents from effectively advocating for their children''s best interests.', 
        '["English", "Spanish (Fluent - Native Speaker)"]', 
        '$250-$350/hour', 
        12, 
        '[{"degree": "Juris Doctor", "institution": "Western State College of Law", "year": 2012}]', 
        '[{"title": "Rising Star - Family Law", "year": "2019-2023", "organization": "Super Lawyers"}]', 
        'free (15 minutes)', 
        '["Credit Card", "Debit Card", "Cash", "Check", "Zelle", "Venmo", "Payment Plans", "Sliding Scale"]', 
        '["Custody/Visitation", "Divorce", "Child Support", "DV/Restraining Orders", "Modifications/Enforcement", "Mediation/Settlement", "Parenting Plans", "Bilingual Services"]',
        true, 
        now(), 
        now(), 
        now(),
        true
    ) ON CONFLICT (id) DO NOTHING;

    INSERT INTO public.firms (
        id, created_by, name, slug, firm_type,
        email, phone, website,
        address_line1, city, state, zip_code,
        description, practice_areas,
        headline, social_links, pricing_structure,
        safety_vetted, is_public, is_active,
        created_at, updated_at,
        subscription_tier, subscription_status
    )
    VALUES (
        'ca5e0000-0000-4000-a000-000000000000', 
        'a1ca1de0-0000-4000-a000-000000000000', 
        'Law Office of Adriana Alcalde Drake', 
        'alcalde-drake-law', 
        'law_firm',
        'info@alcaldedrakelaw.com', 
        '(310) 527-3274', 
        'https://www.alcaldedrakelaw.com/',
        '600 Civic Center Drive West, Suite 400', 
        'Santa Ana', 
        'CA', 
        '92701',
        'Adriana Alcalde Drake is a dedicated family law attorney serving diverse communities throughout Southern California.', 
        '["Custody/Visitation", "Divorce", "Child Support", "DV/Restraining Orders", "Modifications/Enforcement", "Mediation/Settlement", "Parenting Plans", "Bilingual Services"]',
        'Accessible, Bilingual Family Law for Real Families', 
        '{"website": "https://www.alcaldedrakelaw.com/"}', 
        '{"hourly_rates": {"attorney": 300}, "payment_plans": true}',
        true, 
        true, 
        true,
        now(), 
        now(),
        'professional',
        'active'
    ) ON CONFLICT (id) DO NOTHING;

    INSERT INTO public.firm_memberships (
        id, professional_id, firm_id, 
        role, status, 
        joined_at, created_at, updated_at
    )
    VALUES (
        gen_random_uuid(), 
        'b0b00000-0000-4000-a000-000000000000', 
        'ca5e0000-0000-4000-a000-000000000000', 
        'owner', 
        'active', 
        now(), 
        now(), 
        now()
    ) ON CONFLICT (professional_id, firm_id) DO NOTHING;

    INSERT INTO auth.identities (
        id, user_id, identity_data, provider, provider_id, last_sign_in_at, created_at, updated_at
    )
    VALUES (
        'a1ca1de0-0000-4000-a000-000000000000', 
        'a1ca1de0-0000-4000-a000-000000000000', 
        jsonb_build_object('sub', 'a1ca1de0-0000-4000-a000-000000000000', 'email', 'info@alcaldedrakelaw.com'),
        'email',
        'a1ca1de0-0000-4000-a000-000000000000', 
        now(),
        now(),
        now()
    ) ON CONFLICT (id) DO NOTHING;

    -- 3. ACCOUNT 2: Blasser Law
    
    INSERT INTO auth.users (
        id, instance_id, aud, role, email, encrypted_password, 
        email_confirmed_at, raw_app_meta_data, raw_user_meta_data, 
        created_at, updated_at,
        confirmation_token, recovery_token, email_change_token_new, email_change
    )
    VALUES (
        'b1a55e40-0000-4000-a000-000000000000', 
        '00000000-0000-0000-0000-000000000000', 
        'authenticated', 
        'authenticated', 
        'info@blasserlaw.com', 
        crypt('Demo2026!', gen_salt('bf')), 
        now(), 
        '{"provider": "email", "providers": ["email"]}', 
        '{"first_name": "David", "last_name": "Blasser"}', 
        now(), 
        now(),
        '', '', '', ''
    );

    INSERT INTO public.users (
        id, supabase_id, email, first_name, last_name, 
        is_active, is_deleted, created_at, updated_at,
        email_verified, phone_verified, mfa_enabled
    )
    VALUES (
        'b1a55e40-0000-4000-a000-000000000000', 
        'b1a55e40-0000-4000-a000-000000000000', 
        'info@blasserlaw.com', 
        'David', 
        'Blasser', 
        true, 
        false, 
        now(), 
        now(),
        true,
        true,
        false
    ) ON CONFLICT (id) DO NOTHING;

    INSERT INTO public.user_profiles (
        id, user_id, first_name, last_name, 
        locale, timezone, created_at, updated_at,
        subscription_tier, subscription_status, country,
        notification_email, notification_sms, notification_push,
        privacy_read_receipts, privacy_typing_indicator, privacy_last_seen,
        privacy_analytics, privacy_crash_reporting
    )
    VALUES (
        'b1a55e40-0000-4000-a000-000000000000', 
        'b1a55e40-0000-4000-a000-000000000000', 
        'David', 
        'Blasser', 
        'en-US', 
        'America/Los_Angeles', 
        now(), 
        now(),
        'essential',
        'active',
        'US',
        true,
        false,
        true,
        true,
        true,
        true,
        true,
        true
    ) ON CONFLICT (id) DO NOTHING;

    INSERT INTO public.professional_profiles (
        id, user_id, professional_type, 
        professional_email, professional_phone,
        headline, bio, languages, 
        hourly_rate, years_experience, 
        education, awards, consultation_fee, 
        accepted_payment_methods, practice_areas,
        is_active, onboarded_at, created_at, updated_at,
        license_verified
    )
    VALUES (
        'b0b00001-0000-4000-a000-000000000000', 
        'b1a55e40-0000-4000-a000-000000000000', 
        'attorney',
        'info@blasserlaw.com', 
        '(951) 680-5111',
        'Strategic Family Law • Custody • Father''s Rights Advocate', 
        'David Blasser founded Blasser Law with a clear vision: to provide exceptional family law representation to individuals navigating California''s complex family court system.', 
        '["English"]', 
        '$400/hour', 
        20, 
        '[{"degree": "Juris Doctor", "institution": "University of California, Hastings", "year": 2003}]', 
        '[{"title": "Top Rated Family Law Attorney", "year": "2015-2024", "organization": "Avvo"}]', 
        'free (30 minutes)', 
        '["Credit Card", "Check", "Payment Plans"]', 
        '["Custody/Visitation", "Father''s Rights", "Divorce", "Child Support"]',
        true, 
        now(), 
        now(), 
        now(),
        true
    ) ON CONFLICT (id) DO NOTHING;

    INSERT INTO public.firms (
        id, created_by, name, slug, firm_type,
        email, phone, website,
        address_line1, city, state, zip_code,
        description, practice_areas,
        headline, social_links, pricing_structure,
        safety_vetted, is_public, is_active,
        created_at, updated_at,
        subscription_tier, subscription_status
    )
    VALUES (
        'ca5e0001-0000-4000-a000-000000000000', 
        'b1a55e40-0000-4000-a000-000000000000', 
        'Blasser Law, A Professional Corporation', 
        'blasser-law', 
        'law_firm',
        'info@blasserlaw.com', 
        '(951) 680-5111', 
        'https://www.blasserlaw.com/',
        '3750 University Avenue, Suite 610', 
        'Riverside', 
        'CA', 
        '92501',
        'Blasser Law is a Riverside-based family law firm known for strategic advocacy and deep knowledge of local courts.', 
        '["Custody/Visitation", "Father''s Rights", "Divorce", "Child Support"]',
        'Personalized, Strategic Family Law Advocacy in Riverside County', 
        '{"website": "https://www.blasserlaw.com/"}', 
        '{"hourly_rates": {"attorney": 400}, "retainer": {"min": 5000}}',
        true, 
        true, 
        true,
        now(), 
        now(),
        'professional',
        'active'
    ) ON CONFLICT (id) DO NOTHING;

    INSERT INTO public.firm_memberships (
        id, professional_id, firm_id, 
        role, status, 
        joined_at, created_at, updated_at
    )
    VALUES (
        gen_random_uuid(), 
        'b0b00001-0000-4000-a000-000000000000', 
        'ca5e0001-0000-4000-a000-000000000000', 
        'owner', 
        'active', 
        now(), 
        now(), 
        now()
    ) ON CONFLICT (professional_id, firm_id) DO NOTHING;

    INSERT INTO auth.identities (
        id, user_id, identity_data, provider, provider_id, last_sign_in_at, created_at, updated_at
    )
    VALUES (
        'b1a55e40-0000-4000-a000-000000000000', 
        'b1a55e40-0000-4000-a000-000000000000', 
        jsonb_build_object('sub', 'b1a55e40-0000-4000-a000-000000000000', 'email', 'info@blasserlaw.com'),
        'email',
        'b1a55e40-0000-4000-a000-000000000000', 
        now(),
        now(),
        now()
    ) ON CONFLICT (id) DO NOTHING;

    -- 4. ACCOUNT 3: Holstrom, Block & Parke
    
    INSERT INTO auth.users (
        id, instance_id, aud, role, email, encrypted_password, 
        email_confirmed_at, raw_app_meta_data, raw_user_meta_data, 
        created_at, updated_at,
        confirmation_token, recovery_token, email_change_token_new, email_change
    )
    VALUES (
        'c0157400-0000-4000-a000-000000000000', 
        '00000000-0000-0000-0000-000000000000', 
        'authenticated', 
        'authenticated', 
        'info@hbplaw.com', 
        crypt('Demo2026!', gen_salt('bf')), 
        now(), 
        '{"provider": "email", "providers": ["email"]}', 
        '{"first_name": "Holstrom", "last_name": "Block & Parke"}', 
        now(), 
        now(),
        '', '', '', ''
    );

    INSERT INTO public.users (
        id, supabase_id, email, first_name, last_name, 
        is_active, is_deleted, created_at, updated_at,
        email_verified, phone_verified, mfa_enabled
    )
    VALUES (
        'c0157400-0000-4000-a000-000000000000', 
        'c0157400-0000-4000-a000-000000000000', 
        'info@hbplaw.com', 
        'Holstrom', 
        'Block & Parke', 
        true, 
        false, 
        now(), 
        now(),
        true,
        true,
        false
    ) ON CONFLICT (id) DO NOTHING;

    INSERT INTO public.user_profiles (
        id, user_id, first_name, last_name, 
        locale, timezone, created_at, updated_at,
        subscription_tier, subscription_status, country,
        notification_email, notification_sms, notification_push,
        privacy_read_receipts, privacy_typing_indicator, privacy_last_seen,
        privacy_analytics, privacy_crash_reporting
    )
    VALUES (
        'c0157400-0000-4000-a000-000000000000', 
        'c0157400-0000-4000-a000-000000000000', 
        'Holstrom', 
        'Block & Parke', 
        'en-US', 
        'America/Los_Angeles', 
        now(), 
        now(),
        'essential',
        'active',
        'US',
        true,
        false,
        true,
        true,
        true,
        true,
        true,
        true
    ) ON CONFLICT (id) DO NOTHING;

    INSERT INTO public.professional_profiles (
        id, user_id, professional_type, 
        professional_email, professional_phone,
        headline, bio, languages, 
        hourly_rate, years_experience, 
        education, awards, consultation_fee, 
        accepted_payment_methods, practice_areas,
        is_active, onboarded_at, created_at, updated_at,
        license_verified
    )
    VALUES (
        'b0b00002-0000-4000-a000-000000000000', 
        'c0157400-0000-4000-a000-000000000000', 
        'attorney',
        'info@hbplaw.com', 
        '(909) 885-0191',
        'Full-Service Family Law • Collaborative & Litigation', 
        'Founded on principles of excellence, integrity, and personalized service, Holstrom, Block & Parke has served families throughout Southern California for decades.', 
        '["English"]', 
        '$300-$450/hour', 
        50, 
        '[{"institution": "UCLA School of Law"}]', 
        '[{"title": "AV Preeminent Rating", "organization": "Martindale-Hubbell"}]', 
        'free (Initial consultation)', 
        '["Credit Card", "Check", "Payment Plans"]', 
        '["Custody/Visitation", "Divorce", "Mediation", "Collaborative Law"]',
        true, 
        now(), 
        now(), 
        now(),
        true
    ) ON CONFLICT (id) DO NOTHING;

    INSERT INTO public.firms (
        id, created_by, name, slug, firm_type,
        email, phone, website,
        address_line1, city, state, zip_code,
        description, practice_areas,
        headline, social_links, pricing_structure,
        safety_vetted, is_public, is_active,
        created_at, updated_at,
        subscription_tier, subscription_status
    )
    VALUES (
        'ca5e0002-0000-4000-a000-000000000000', 
        'c0157400-0000-4000-a000-000000000000', 
        'Holstrom, Block & Parke, APLC', 
        'holstrom-block-parke', 
        'law_firm',
        'info@hbplaw.com', 
        '(909) 885-0191', 
        'https://www.hbplaw.com/',
        '473 E. Carnegie Drive, Suite 200', 
        'San Bernardino', 
        'CA', 
        '92408',
        'Holstrom, Block & Parke is a well-established San Bernardino family law firm with over 50 years of combined experience.', 
        '["Custody/Visitation", "Divorce", "Mediation", "Collaborative Law"]',
        'Experienced, Versatile Family Law Team Serving San Bernardino County', 
        '{"website": "https://www.hbplaw.com/"}', 
        '{"hourly_rates": {"senior_partner": 450}, "consultation": "free"}',
        true, 
        true, 
        true,
        now(), 
        now(),
        'professional',
        'active'
    ) ON CONFLICT (id) DO NOTHING;

    INSERT INTO public.firm_memberships (
        id, professional_id, firm_id, 
        role, status, 
        joined_at, created_at, updated_at
    )
    VALUES (
        gen_random_uuid(), 
        'b0b00002-0000-4000-a000-000000000000', 
        'ca5e0002-0000-4000-a000-000000000000', 
        'owner', 
        'active', 
        now(), 
        now(), 
        now()
    ) ON CONFLICT (professional_id, firm_id) DO NOTHING;

    INSERT INTO auth.identities (
        id, user_id, identity_data, provider, provider_id, last_sign_in_at, created_at, updated_at
    )
    VALUES (
        'c0157400-0000-4000-a000-000000000000', 
        'c0157400-0000-4000-a000-000000000000', 
        jsonb_build_object('sub', 'c0157400-0000-4000-a000-000000000000', 'email', 'info@hbplaw.com'),
        'email',
        'c0157400-0000-4000-a000-000000000000', 
        now(),
        now(),
        now()
    ) ON CONFLICT (id) DO NOTHING;

END $$;
