-- SQL Script to Create Demo Accounts
-- Generated by CommonGround Agent
-- RUN THIS IN SUPABASE SQL EDITOR

BEGIN;

-- Account 1: Law Office of Adriana Alcalde Drake

    INSERT INTO auth.users (
        id, instance_id, aud, role, email, encrypted_password, 
        email_confirmed_at, raw_app_meta_data, raw_user_meta_data, 
        created_at, updated_at
    )
    VALUES (
        'a1ca1de0-0000-4000-a000-000000000000', 
        '00000000-0000-0000-0000-000000000000', 
        'authenticated', 
        'authenticated', 
        'info@alcaldedrakelaw.com', 
        crypt('Demo2026!', gen_salt('bf')), 
        now(), 
        '{"provider": "email", "providers": ["email"]}', 
        '{"first_name": "Adriana", "last_name": "Alcalde Drake"}', 
        now(), 
        now()
    ) ON CONFLICT (id) DO NOTHING;
    

    INSERT INTO public.users (
        id, supabase_id, email, first_name, last_name, 
        is_active, is_deleted, created_at, updated_at,
        email_verified, phone_verified, mfa_enabled
    )
    VALUES (
        'a1ca1de0-0000-4000-a000-000000000000', 
        'a1ca1de0-0000-4000-a000-000000000000', 
        'info@alcaldedrakelaw.com', 
        'Adriana', 
        'Alcalde Drake', 
        true, 
        false, 
        now(), 
        now(),
        true,
        true,
        false
    ) ON CONFLICT (id) DO NOTHING;
    

    INSERT INTO public.user_profiles (
        id, user_id, first_name, last_name, 
        locale, timezone, created_at, updated_at,
        subscription_tier, subscription_status, country,
        notification_email, notification_sms, notification_push,
        privacy_read_receipts, privacy_typing_indicator, privacy_last_seen,
        privacy_analytics, privacy_crash_reporting
    )
    VALUES (
        'a1ca1de0-0000-4000-a000-000000000000', 
        'a1ca1de0-0000-4000-a000-000000000000', 
        'Adriana', 
        'Alcalde Drake', 
        'en-US', 
        'America/Los_Angeles', 
        now(), 
        now(),
        'essential',
        'active',
        'US',
        true,
        false,
        true,
        true,
        true,
        true,
        true,
        true
    ) ON CONFLICT (id) DO NOTHING;
    

    INSERT INTO public.professional_profiles (
        id, user_id, professional_type, 
        professional_email, professional_phone,
        headline, bio, video_url, languages, 
        hourly_rate, years_experience, 
        education, awards, consultation_fee, 
        accepted_payment_methods, practice_areas,
        is_active, onboarded_at, created_at, updated_at,
        license_verified
    )
    VALUES (
        'b0b00000-0000-4000-a000-000000000000', 
        'a1ca1de0-0000-4000-a000-000000000000', 
        'attorney',
        'info@alcaldedrakelaw.com', 
        '(310) 527-3274',
        'Bilingual Family Law • Custody • Compassionate Advocacy', 
        'Attorney Adriana Alcalde Drake founded her practice with a mission: to provide high-quality family law representation to communities that are often underserved by the legal system. As a fully bilingual attorney, she bridges language barriers that can prevent parents from effectively advocating for their children''s best interests.

Adriana''s practice focuses on the full spectrum of family law, with particular emphasis on child custody, divorce, domestic violence protective orders, and child support matters. She represents clients throughout Los Angeles, Orange, San Bernardino, and Riverside Counties, with a strong presence in South Los Angeles, Compton, and surrounding communities.

What sets Adriana apart is her genuine commitment to accessibility. She offers flexible payment plans, accepts limited-scope representations when appropriate, and provides virtual consultations for clients who face transportation or childcare challenges. She understands that many of her clients are working parents juggling multiple jobs, and she structures her practice to accommodate their schedules.

Adriana is passionate about helping parents navigate the family court system, which can feel overwhelming and intimidating—especially for those facing language barriers or unfamiliarity with legal processes. She takes time to explain every step, answer questions in plain language (English or Spanish), and empower her clients to make informed decisions about their cases.

Her approach combines strong legal advocacy with cultural sensitivity and practical problem-solving. She knows that family law cases aren''t just about legal outcomes—they''re about preserving parent-child relationships, ensuring children''s safety and stability, and helping families move forward with dignity.', 
        NULL, 
        '["English", "Spanish (Fluent - Native Speaker)"]', 
        '$250-$350/hour', 
        12, 
        '[{"degree": "Juris Doctor", "institution": "Western State College of Law", "year": 2012}, {"degree": "Bachelor of Arts in Political Science", "institution": "University of California, Irvine", "year": 2008}]', 
        '[{"title": "Rising Star - Family Law", "year": "2019-2023", "organization": "Super Lawyers"}, {"title": "Top 40 Under 40", "year": "2020", "organization": "National Trial Lawyers"}, {"title": "Community Service Award", "year": "2021", "organization": "Hispanic Bar Association of Orange County"}]', 
        'free (15 minutes)', 
        '["Credit Card", "Debit Card", "Cash", "Check", "Zelle", "Venmo", "Payment Plans", "Sliding Scale"]', 
        '["Custody/Visitation", "Divorce", "Child Support", "DV/Restraining Orders", "Modifications/Enforcement", "Mediation/Settlement", "Parenting Plans", "Bilingual Services"]',
        true, 
        now(), 
        now(), 
        now(),
        true
    ) ON CONFLICT (id) DO NOTHING;
    

    INSERT INTO public.firms (
        id, created_by, name, slug, firm_type,
        email, phone, website,
        address_line1, city, state, zip_code,
        description, practice_areas,
        headline, video_url, social_links, pricing_structure,
        safety_vetted, is_public, is_active,
        created_at, updated_at,
        subscription_tier, subscription_status
    )
    VALUES (
        'ca5e0000-0000-4000-a000-000000000000', 
        'a1ca1de0-0000-4000-a000-000000000000', 
        'Law Office of Adriana Alcalde Drake', 
        'alcalde-drake-law', 
        'law_firm',
        'info@alcaldedrakelaw.com', 
        '(310) 527-3274', 
        'https://www.alcaldedrakelaw.com/',
        '600 Civic Center Drive West, Suite 400', 
        'Santa Ana', 
        'CA', 
        '92701',
        'Adriana Alcalde Drake is a dedicated family law attorney serving diverse communities throughout Southern California. With full bilingual capabilities and deep community roots, she provides accessible, compassionate legal representation in custody, divorce, and domestic violence matters.', 
        '["Custody/Visitation", "Divorce", "Child Support", "DV/Restraining Orders", "Modifications/Enforcement", "Mediation/Settlement", "Parenting Plans", "Bilingual Services"]',
        'Accessible, Bilingual Family Law for Real Families', 
        NULL, 
        '{"website": "https://www.alcaldedrakelaw.com/", "facebook": "https://www.facebook.com/alcaldedrakelaw", "instagram": "https://www.instagram.com/alcaldedrakelaw", "google_business": "https://g.page/alcalde-drake-law"}', 
        '{"consultation": {"type": "free", "duration": "15 minutes", "format": "phone", "languages": ["English", "Spanish"]}, "hourly_rates": {"attorney": 300, "min_rate": 250, "max_rate": 350, "currency": "USD"}, "flat_fee_services": {"uncontested_divorce": {"starting_at": 1500, "includes": "All paperwork, filing, default process"}, "dvro_representation": {"starting_at": 1000, "includes": "Emergency filing, hearing representation"}, "custody_modification": {"starting_at": 2000, "includes": "Petition, response to OSC, one hearing"}}, "payment_plans": true, "sliding_scale": true, "limited_scope_available": true, "accepted_methods": ["Credit Card", "Cash", "Check", "Zelle", "Venmo"]}',
        true, 
        true, 
        true,
        now(), 
        now(),
        'professional',
        'active'
    ) ON CONFLICT (slug) DO NOTHING;
    

    INSERT INTO public.firm_memberships (
        id, professional_id, firm_id, 
        role, status, 
        joined_at, created_at, updated_at
    )
    VALUES (
        gen_random_uuid(), 
        'b0b00000-0000-4000-a000-000000000000', 
        'ca5e0000-0000-4000-a000-000000000000', 
        'owner', 
        'active', 
        now(), 
        now(), 
        now()
    ) ON CONFLICT (professional_id, firm_id) DO NOTHING;
    

-- Account 2: Blasser Law, A Professional Corporation

    INSERT INTO auth.users (
        id, instance_id, aud, role, email, encrypted_password, 
        email_confirmed_at, raw_app_meta_data, raw_user_meta_data, 
        created_at, updated_at
    )
    VALUES (
        'b1a55e40-0000-4000-a000-000000000000', 
        '00000000-0000-0000-0000-000000000000', 
        'authenticated', 
        'authenticated', 
        'info@blasserlaw.com', 
        crypt('Demo2026!', gen_salt('bf')), 
        now(), 
        '{"provider": "email", "providers": ["email"]}', 
        '{"first_name": "David", "last_name": "Blasser"}', 
        now(), 
        now()
    ) ON CONFLICT (id) DO NOTHING;
    

    INSERT INTO public.users (
        id, supabase_id, email, first_name, last_name, 
        is_active, is_deleted, created_at, updated_at,
        email_verified, phone_verified, mfa_enabled
    )
    VALUES (
        'b1a55e40-0000-4000-a000-000000000000', 
        'b1a55e40-0000-4000-a000-000000000000', 
        'info@blasserlaw.com', 
        'David', 
        'Blasser', 
        true, 
        false, 
        now(), 
        now(),
        true,
        true,
        false
    ) ON CONFLICT (id) DO NOTHING;
    

    INSERT INTO public.user_profiles (
        id, user_id, first_name, last_name, 
        locale, timezone, created_at, updated_at,
        subscription_tier, subscription_status, country,
        notification_email, notification_sms, notification_push,
        privacy_read_receipts, privacy_typing_indicator, privacy_last_seen,
        privacy_analytics, privacy_crash_reporting
    )
    VALUES (
        'b1a55e40-0000-4000-a000-000000000000', 
        'b1a55e40-0000-4000-a000-000000000000', 
        'David', 
        'Blasser', 
        'en-US', 
        'America/Los_Angeles', 
        now(), 
        now(),
        'essential',
        'active',
        'US',
        true,
        false,
        true,
        true,
        true,
        true,
        true,
        true
    ) ON CONFLICT (id) DO NOTHING;
    

    INSERT INTO public.professional_profiles (
        id, user_id, professional_type, 
        professional_email, professional_phone,
        headline, bio, video_url, languages, 
        hourly_rate, years_experience, 
        education, awards, consultation_fee, 
        accepted_payment_methods, practice_areas,
        is_active, onboarded_at, created_at, updated_at,
        license_verified
    )
    VALUES (
        'b0b00001-0000-4000-a000-000000000000', 
        'b1a55e40-0000-4000-a000-000000000000', 
        'attorney',
        'info@blasserlaw.com', 
        '(951) 680-5111',
        'Strategic Family Law • Custody • Father''s Rights Advocate', 
        'David Blasser founded Blasser Law with a clear vision: to provide exceptional family law representation to individuals navigating California''s complex family court system. With over 20 years of experience practicing exclusively in family law, David has developed a reputation as a strategic thinker, skilled negotiator, and formidable trial attorney.

Blasser Law serves clients throughout Riverside and San Bernardino Counties, with particular expertise in Riverside County''s family courts. We know the judges, the court procedures, the local custody evaluators, and the opposing attorneys—knowledge that gives our clients a significant advantage in both settlement negotiations and courtroom litigation.

Our practice focuses on child custody and visitation, divorce (both contested and uncontested), child and spousal support, modifications and enforcement, domestic violence matters, and high-conflict cases. We''ve built a strong reputation for representing fathers who face bias in the family court system, though we proudly represent all parents who need experienced advocacy.', 
        NULL, 
        '["English"]', 
        '$400/hour', 
        20, 
        '[{"degree": "Juris Doctor", "institution": "University of California, Hastings College of the Law", "year": 2003}, {"degree": "Bachelor of Arts", "institution": "University of California, Los Angeles", "year": 1999}]', 
        '[{"title": "Top Rated Family Law Attorney", "year": "2015-2024", "organization": "Avvo - 10.0 Superb Rating"}, {"title": "Client''s Choice Award", "year": "2018, 2020, 2022", "organization": "Avvo"}, {"title": "Martindale-Hubbell AV Preeminent", "year": "2017-2024", "organization": "Martindale-Hubbell"}]', 
        'free (30 minutes)', 
        '["Credit Card", "Visa", "Mastercard", "American Express", "Discover", "Check", "Payment Plans (case-by-case)"]', 
        '["Custody/Visitation", "Father''s Rights", "High-Conflict Cases", "Divorce", "Modifications/Enforcement", "Child Support", "Mediation/Settlement", "Trial/Litigation"]',
        true, 
        now(), 
        now(), 
        now(),
        true
    ) ON CONFLICT (id) DO NOTHING;
    

    INSERT INTO public.firms (
        id, created_by, name, slug, firm_type,
        email, phone, website,
        address_line1, city, state, zip_code,
        description, practice_areas,
        headline, video_url, social_links, pricing_structure,
        safety_vetted, is_public, is_active,
        created_at, updated_at,
        subscription_tier, subscription_status
    )
    VALUES (
        'ca5e0001-0000-4000-a000-000000000000', 
        'b1a55e40-0000-4000-a000-000000000000', 
        'Blasser Law, A Professional Corporation', 
        'blasser-law', 
        'law_firm',
        'info@blasserlaw.com', 
        '(951) 680-5111', 
        'https://www.blasserlaw.com/',
        '3750 University Avenue, Suite 610', 
        'Riverside', 
        'CA', 
        '92501',
        'Blasser Law is a Riverside-based family law firm known for strategic advocacy and deep knowledge of local courts. Led by attorney David Blasser, the firm represents parents—especially fathers—in custody disputes, divorce, and high-conflict cases. With decades of combined experience in Riverside County courts, we provide sophisticated legal representation with a personalized approach.', 
        '["Custody/Visitation", "Father''s Rights", "High-Conflict Cases", "Divorce", "Modifications/Enforcement", "Child Support", "Mediation/Settlement", "Trial/Litigation"]',
        'Personalized, Strategic Family Law Advocacy in Riverside County', 
        NULL, 
        '{"website": "https://www.blasserlaw.com/", "linkedin": "https://www.linkedin.com/company/blasser-law", "avvo": "https://www.avvo.com/attorneys/92501-ca-david-blasser-1680984.html", "google_business": "https://g.page/blasser-law-riverside"}', 
        '{"consultation": {"type": "free", "duration": "30 minutes", "format": "in-person or virtual", "included": "Case assessment, strategy discussion, fee explanation"}, "retainer": {"min": 5000, "max": 10000, "currency": "USD", "note": "Based on case complexity"}, "hourly_rates": {"attorney": 400, "paralegal": 150, "currency": "USD"}, "flat_fee_services": {"uncontested_divorce": {"min": 2500, "max": 3500}, "custody_modification": {"min": 3500, "max": 5000}, "rfo_response": {"min": 2000, "max": 3000}}, "limited_scope_available": true, "payment_plans": "case-by-case basis", "accepted_methods": ["Credit Card", "Check"]}',
        true, 
        true, 
        true,
        now(), 
        now(),
        'professional',
        'active'
    ) ON CONFLICT (slug) DO NOTHING;
    

    INSERT INTO public.firm_memberships (
        id, professional_id, firm_id, 
        role, status, 
        joined_at, created_at, updated_at
    )
    VALUES (
        gen_random_uuid(), 
        'b0b00001-0000-4000-a000-000000000000', 
        'ca5e0001-0000-4000-a000-000000000000', 
        'owner', 
        'active', 
        now(), 
        now(), 
        now()
    ) ON CONFLICT (professional_id, firm_id) DO NOTHING;
    

-- Account 3: Holstrom, Block & Parke, APLC

    INSERT INTO auth.users (
        id, instance_id, aud, role, email, encrypted_password, 
        email_confirmed_at, raw_app_meta_data, raw_user_meta_data, 
        created_at, updated_at
    )
    VALUES (
        'c0157400-0000-4000-a000-000000000000', 
        '00000000-0000-0000-0000-000000000000', 
        'authenticated', 
        'authenticated', 
        'info@hbplaw.com', 
        crypt('Demo2026!', gen_salt('bf')), 
        now(), 
        '{"provider": "email", "providers": ["email"]}', 
        '{"first_name": "Holstrom", "last_name": "Block & Parke"}', 
        now(), 
        now()
    ) ON CONFLICT (id) DO NOTHING;
    

    INSERT INTO public.users (
        id, supabase_id, email, first_name, last_name, 
        is_active, is_deleted, created_at, updated_at,
        email_verified, phone_verified, mfa_enabled
    )
    VALUES (
        'c0157400-0000-4000-a000-000000000000', 
        'c0157400-0000-4000-a000-000000000000', 
        'info@hbplaw.com', 
        'Holstrom', 
        'Block & Parke', 
        true, 
        false, 
        now(), 
        now(),
        true,
        true,
        false
    ) ON CONFLICT (id) DO NOTHING;
    

    INSERT INTO public.user_profiles (
        id, user_id, first_name, last_name, 
        locale, timezone, created_at, updated_at,
        subscription_tier, subscription_status, country,
        notification_email, notification_sms, notification_push,
        privacy_read_receipts, privacy_typing_indicator, privacy_last_seen,
        privacy_analytics, privacy_crash_reporting
    )
    VALUES (
        'c0157400-0000-4000-a000-000000000000', 
        'c0157400-0000-4000-a000-000000000000', 
        'Holstrom', 
        'Block & Parke', 
        'en-US', 
        'America/Los_Angeles', 
        now(), 
        now(),
        'essential',
        'active',
        'US',
        true,
        false,
        true,
        true,
        true,
        true,
        true,
        true
    ) ON CONFLICT (id) DO NOTHING;
    

    INSERT INTO public.professional_profiles (
        id, user_id, professional_type, 
        professional_email, professional_phone,
        headline, bio, video_url, languages, 
        hourly_rate, years_experience, 
        education, awards, consultation_fee, 
        accepted_payment_methods, practice_areas,
        is_active, onboarded_at, created_at, updated_at,
        license_verified
    )
    VALUES (
        'b0b00002-0000-4000-a000-000000000000', 
        'c0157400-0000-4000-a000-000000000000', 
        'attorney',
        'info@hbplaw.com', 
        '(909) 885-0191',
        'Full-Service Family Law • Collaborative & Litigation', 
        'Founded on principles of excellence, integrity, and personalized service, Holstrom, Block & Parke has served families throughout San Bernardino and Riverside Counties for decades. Our firm brings together multiple experienced family law attorneys, each with unique strengths and perspectives, allowing us to match clients with the right attorney for their specific situation.

Our practice encompasses the full spectrum of family law: divorce (contested and uncontested), child custody and visitation, child and spousal support, property division, domestic violence matters, paternity, modifications, enforcement, and prenuptial agreements. We''re equally comfortable in collaborative law processes, mediation settings, and adversarial courtroom litigation.', 
        NULL, 
        '["English"]', 
        '$300-$450/hour (depending on attorney)', 
        50, 
        '[{"institution": "UCLA School of Law", "note": "Various senior attorneys"}, {"institution": "USC Gould School of Law", "note": "Various senior attorneys"}, {"institution": "Loyola Law School", "note": "Various senior attorneys"}, {"institution": "Pepperdine Caruso School of Law", "note": "Various senior attorneys"}]', 
        '[{"title": "AV Preeminent Rating", "organization": "Martindale-Hubbell", "note": "Multiple attorneys"}, {"title": "Super Lawyers", "year": "2015-2024", "organization": "Super Lawyers", "note": "Multiple attorneys recognized"}, {"title": "Top Family Law Firm - San Bernardino County", "year": "2020-2024", "organization": "Legal Network"}]', 
        'free (Initial consultation)', 
        '["Credit Card", "Visa", "Mastercard", "American Express", "Discover", "Check", "Payment Plans (qualified clients)"]', 
        '["Custody/Visitation", "Divorce", "Mediation/Settlement", "Collaborative Law", "High-Conflict Cases", "Child Support", "Modifications/Enforcement", "LGBTQ+ Family Law"]',
        true, 
        now(), 
        now(), 
        now(),
        true
    ) ON CONFLICT (id) DO NOTHING;
    

    INSERT INTO public.firms (
        id, created_by, name, slug, firm_type,
        email, phone, website,
        address_line1, city, state, zip_code,
        description, practice_areas,
        headline, video_url, social_links, pricing_structure,
        safety_vetted, is_public, is_active,
        created_at, updated_at,
        subscription_tier, subscription_status
    )
    VALUES (
        'ca5e0002-0000-4000-a000-000000000000', 
        'c0157400-0000-4000-a000-000000000000', 
        'Holstrom, Block & Parke, APLC', 
        'holstrom-block-parke', 
        'law_firm',
        'info@hbplaw.com', 
        '(909) 885-0191', 
        'https://www.hbplaw.com/',
        '473 E. Carnegie Drive, Suite 200', 
        'San Bernardino', 
        'CA', 
        '92408',
        'Holstrom, Block & Parke is a well-established San Bernardino family law firm with over 50 years of combined experience. Our team of skilled attorneys handles everything from amicable collaborative divorces to complex custody litigation. We offer flexible approaches tailored to each family''s unique needs—from mediation to aggressive courtroom advocacy.', 
        '["Custody/Visitation", "Divorce", "Mediation/Settlement", "Collaborative Law", "High-Conflict Cases", "Child Support", "Modifications/Enforcement", "LGBTQ+ Family Law"]',
        'Experienced, Versatile Family Law Team Serving San Bernardino County for Decades', 
        NULL, 
        '{"website": "https://www.hbplaw.com/", "linkedin": "https://www.linkedin.com/company/holstrom-block-parke", "facebook": "https://www.facebook.com/hbplawfirm", "google_business": "https://g.page/holstrom-block-parke"}', 
        '{"consultation": {"type": "free", "format": "phone", "duration": "Initial consultation", "included": "Case overview, service explanation, fee discussion"}, "retainer": {"min": 3500, "max": 10000, "currency": "USD", "note": "Based on complexity and attorney"}, "hourly_rates": {"senior_partner": 450, "mid_level": 375, "junior_attorney": 300, "paralegal": 125, "currency": "USD"}, "collaborative_law": {"retainer": "5000-7500", "note": "Typically less expensive than litigation"}, "flat_fee_services": {"uncontested_divorce_simple": {"min": 2500, "max": 4000}, "prenuptial_agreement": {"min": 1500, "max": 3500}, "simple_modification": {"min": 2500, "max": 4000}}, "mediation": {"rate": 400, "unit": "per hour", "note": "Split between parties"}, "limited_scope_available": true, "payment_plans": "available for qualified clients", "accepted_methods": ["Credit Card", "Check"]}',
        true, 
        true, 
        true,
        now(), 
        now(),
        'professional',
        'active'
    ) ON CONFLICT (slug) DO NOTHING;
    

    INSERT INTO public.firm_memberships (
        id, professional_id, firm_id, 
        role, status, 
        joined_at, created_at, updated_at
    )
    VALUES (
        gen_random_uuid(), 
        'b0b00002-0000-4000-a000-000000000000', 
        'ca5e0002-0000-4000-a000-000000000000', 
        'owner', 
        'active', 
        now(), 
        now(), 
        now()
    ) ON CONFLICT (professional_id, firm_id) DO NOTHING;
    
COMMIT;
